{"seed": 2482672684, "total_count": 576000000, "energy_deltas": [-7, -6, -5, -4, -3, -2, -1, 0, 1, 2, 3, 4, 5, 6, 7, 8, 9, 10], "counts": [758603, 24693845, 30378930, 29310477, 32194210, 30731692, 36955821, 40393028, 61013748, 65111623, 42249914, 35192084, 32506949, 28608282, 28973374, 27458437, 25552162, 3916821], "frequencies": [0.0013170190972222222, 0.04287125868055556, 0.05274119791666667, 0.05088624479166667, 0.055892725694444444, 0.053353631944444445, 0.06415941145833333, 0.07012678472222222, 0.10592664583333333, 0.11304101215277777, 0.07335054513888889, 0.06109736805555555, 0.05643567534722222, 0.04966715625, 0.05030099652777778, 0.04767089756944445, 0.04436139236111111, 0.006800036458333334]}